Site Name,Site Score,Site EPA ID,SEMS ID,Region ID,State,City,County,Status,Latitude,Longitude,Proposed Date,Listing Date,Construction Completion Date,Construction Completion Number,NOID Date,Deletion Date,Site Listing Narrative,Site Progress Profile,Proposed FR Notice,Listing FR Notice,NOID FR Notice,Deletion FR Notice,Restoration FR Notice Jumper Page,Site has had a Partial Deletion,x,y
Aerojet General Corp.,54.63,CAD980358832,901718,9,California,Rancho Cordova,Sacramento,NPL Site,38.608331,-121.2,12/30/1982,09/08/1983,,0,,,"<a href=""https://semspub.epa.gov/src/document/09/2400213"" target=""_blank"">CAD980358832 (PDF)</a>","<a href=""https://cumulis.epa.gov/supercpad/cursites/csitinfo.cfm?id=0901718"" target=""_blank"">Aerojet General Corp.</a>","<a href=""https://semspub.epa.gov/src/document/11/189619"" target=""_blank"">12/30/1982 (PDF)</a>","<a href=""https://semspub.epa.gov/src/document/11/189620"" target=""_blank"">09/08/1983 (PDF)</a>",,,,No,-13491922.284144755,4665722.627237699
Celtor Chemical Works,30.31,CAD980638860,901938,9,California,Hoopa,Humboldt,Deleted NPL Site,41.1027,-123.6911,12/30/1982,09/08/1983,09/29/1989,41,08/18/2003,09/30/2003,"<a href=""https://semspub.epa.gov/src/document/09/2400214"" target=""_blank"">CAD980638860 (PDF)</a>","<a href=""https://cumulis.epa.gov/supercpad/cursites/csitinfo.cfm?id=0901938"" target=""_blank"">Celtor Chemical Works</a>","<a href=""https://semspub.epa.gov/src/document/11/189619"" target=""_blank"">12/30/1982 (PDF)</a>","<a href=""https://semspub.epa.gov/src/document/11/189620"" target=""_blank"">09/08/1983 (PDF)</a>","<a href=""http://www.gpo.gov/fdsys/pkg/FR-2003-08-18/pdf/03-20778.pdf"" target=""_blank"">08/18/2003 (PDF)</a>","<a href=""http://www.gpo.gov/fdsys/pkg/FR-2003-09-30/pdf/03-24775.pdf"" target=""_blank"">09/30/2003 (PDF)</a>",,No,-13769230.267659882,5027501.712451636
Coast Wood Preserving,44.73,CAD063015887,901489,9,California,Ukiah,Mendocino,NPL Site,39.1125,-123.193,12/30/1982,09/08/1983,08/06/2020,1217,,,"<a href=""https://semspub.epa.gov/src/document/09/2400215"" target=""_blank"">CAD063015887 (PDF)</a>","<a href=""https://cumulis.epa.gov/supercpad/cursites/csitinfo.cfm?id=0901489"" target=""_blank"">Coast Wood Preserving</a>","<a href=""https://semspub.epa.gov/src/document/11/189619"" target=""_blank"">12/30/1982 (PDF)</a>","<a href=""https://semspub.epa.gov/src/document/11/189620"" target=""_blank"">09/08/1983 (PDF)</a>",,,,No,-13713782.02929575,4737799.067474609
Iron Mountain Mine,56.16,CAD980498612,901755,9,California,Redding,Shasta,NPL Site,40.671669,-122.5278,12/30/1982,09/08/1983,,0,,,"<a href=""https://semspub.epa.gov/src/document/09/2400216"" target=""_blank"">CAD980498612 (PDF)</a>","<a href=""https://cumulis.epa.gov/supercpad/cursites/csitinfo.cfm?id=0901755"" target=""_blank"">Iron Mountain Mine</a>","<a href=""https://semspub.epa.gov/src/document/11/189619"" target=""_blank"">12/30/1982 (PDF)</a>","<a href=""https://semspub.epa.gov/src/document/11/189620"" target=""_blank"">09/08/1983 (PDF)</a>",,,,No,-13639732.304020064,4964032.875531368
Jibboom Junkyard,28.94,CAD980737613,902040,9,California,Sacramento,Sacramento,Deleted NPL Site,38.591669,-121.5033,12/30/1982,09/08/1983,03/31/1988,24,05/24/1989,09/10/1991,"<a href=""https://semspub.epa.gov/src/document/09/2400217"" target=""_blank"">CAD980737613 (PDF)</a>","<a href=""https://cumulis.epa.gov/supercpad/cursites/csitinfo.cfm?id=0902040"" target=""_blank"">Jibboom Junkyard</a>","<a href=""https://semspub.epa.gov/src/document/11/189619"" target=""_blank"">12/30/1982 (PDF)</a>","<a href=""https://semspub.epa.gov/src/document/11/189620"" target=""_blank"">09/08/1983 (PDF)</a>","<a href=""https://semspub.epa.gov/src/document/09/2400028"" target=""_blank"">05/24/1989 (PDF)</a>","<a href=""https://semspub.epa.gov/src/document/11/189624"" target=""_blank"">09/10/1991 (PDF)</a>",,No,-13525685.485702356,4663349.298021226
Liquid Gold Oil Corp.,43.32,CAT000646208,902660,9,California,Richmond,Contra Costa,Deleted NPL Site,37.908333,-122.325,12/30/1982,09/08/1983,09/27/1995,328,04/12/1996,09/11/1996,"<a href=""https://semspub.epa.gov/src/document/09/2400218"" target=""_blank"">CAT000646208 (PDF)</a>","<a href=""https://cumulis.epa.gov/supercpad/cursites/csitinfo.cfm?id=0902660"" target=""_blank"">Liquid Gold Oil Corp.</a>","<a href=""https://semspub.epa.gov/src/document/11/189619"" target=""_blank"">12/30/1982 (PDF)</a>","<a href=""https://semspub.epa.gov/src/document/11/189620"" target=""_blank"">09/08/1983 (PDF)</a>","<a href=""http://www.gpo.gov/fdsys/pkg/FR-1996-04-12/pdf/96-9165.pdf"" target=""_blank"">04/12/1996 (PDF)</a>","<a href=""http://www.gpo.gov/fdsys/pkg/FR-1996-09-11/pdf/96-23222.pdf"" target=""_blank"">09/11/1996 (PDF)</a>",,No,-13617156.71128719,4566484.421127257
McColl,41.77,CAD980498695,901757,9,California,Fullerton,Orange,NPL Site,33.8953,-117.9712,12/30/1982,09/08/1983,06/30/1998,518,07/30/1998,,"<a href=""https://semspub.epa.gov/src/document/09/2400219"" target=""_blank"">CAD980498695 (PDF)</a>","<a href=""https://cumulis.epa.gov/supercpad/cursites/csitinfo.cfm?id=0901757"" target=""_blank"">McColl</a>","<a href=""https://semspub.epa.gov/src/document/11/189619"" target=""_blank"">12/30/1982 (PDF)</a>","<a href=""https://semspub.epa.gov/src/document/11/189620"" target=""_blank"">09/08/1983 (PDF)</a>",,,,No,-13132493.912271434,4014752.0233935346
MGM Brakes,34.7,CAD000074120,900899,9,California,Cloverdale,Sonoma,Deleted NPL Site,38.784,-123.0109,12/30/1982,09/08/1983,09/09/1994,252,06/18/2019,09/16/2019,"<a href=""https://semspub.epa.gov/src/document/09/2400220"" target=""_blank"">CAD000074120 (PDF)</a>","<a href=""https://cumulis.epa.gov/supercpad/cursites/csitinfo.cfm?id=0900899"" target=""_blank"">MGM Brakes</a>","<a href=""https://semspub.epa.gov/src/document/11/189619"" target=""_blank"">12/30/1982 (PDF)</a>","<a href=""https://semspub.epa.gov/src/document/11/189620"" target=""_blank"">09/08/1983 (PDF)</a>","<a href=""http://www.gpo.gov/fdsys/pkg/FR-2019-06-18/pdf/2019-12771.pdf"" target=""_blank"">06/18/2019 (PDF)</a>","<a href=""http://www.gpo.gov/fdsys/pkg/FR-2019-09-16/pdf/2019-19672.pdf"" target=""_blank"">09/16/2019 (PDF)</a>",,No,-13693510.750022296,4690778.484283193
"Purity Oil Sales, Inc.",43.27,CAD980736151,902019,9,California,Malaga,Fresno,NPL Site,36.6874,-119.7467,12/30/1982,09/08/1983,09/28/2012,1141,,,"<a href=""https://semspub.epa.gov/src/document/09/2400221"" target=""_blank"">CAD980736151 (PDF)</a>","<a href=""https://cumulis.epa.gov/supercpad/cursites/csitinfo.cfm?id=0902019"" target=""_blank"">Purity Oil Sales, Inc.</a>","<a href=""https://semspub.epa.gov/src/document/11/189619"" target=""_blank"">12/30/1982 (PDF)</a>","<a href=""https://semspub.epa.gov/src/document/11/189620"" target=""_blank"">09/08/1983 (PDF)</a>",,,,No,-13330141.668174893,4395623.488718616
Selma Treating Co.,48.83,CAD029452141,901290,9,California,Selma,Fresno,NPL Site,36.556669,-119.6017,12/30/1982,09/08/1983,01/26/2005,929,,,"<a href=""https://semspub.epa.gov/src/document/09/2400222"" target=""_blank"">CAD029452141 (PDF)</a>","<a href=""https://cumulis.epa.gov/supercpad/cursites/csitinfo.cfm?id=0901290"" target=""_blank"">Selma Treating Co.</a>","<a href=""https://semspub.epa.gov/src/document/11/189619"" target=""_blank"">12/30/1982 (PDF)</a>","<a href=""https://semspub.epa.gov/src/document/11/189620"" target=""_blank"">09/08/1983 (PDF)</a>",,,,No,-13314000.342009867,4377491.00634022
Stringfellow,0,CAT080012826,902680,9,California,Glen Avon Heights,Riverside,NPL Site,34.023056,-117.45833,12/30/1982,09/08/1983,,0,,,"<a href=""https://semspub.epa.gov/src/document/09/2400223"" target=""_blank"">CAT080012826 (PDF)</a>","<a href=""https://cumulis.epa.gov/supercpad/cursites/csitinfo.cfm?id=0902680"" target=""_blank"">Stringfellow</a>","<a href=""https://semspub.epa.gov/src/document/11/189619"" target=""_blank"">12/30/1982 (PDF)</a>","<a href=""https://semspub.epa.gov/src/document/11/189620"" target=""_blank"">09/08/1983 (PDF)</a>",,,,No,-13075401.48502829,4031898.303931045
Westinghouse Electric Corp. (Sunnyvale Plant),39.93,CAD001864081,900956,9,California,Sunnyvale,Santa Clara,NPL Site,37.3787,-122.0225,10/15/1984,06/10/1986,09/27/2000,746,,,"<a href=""https://semspub.epa.gov/src/document/09/2400224"" target=""_blank"">CAD001864081 (PDF)</a>","<a href=""https://cumulis.epa.gov/supercpad/cursites/csitinfo.cfm?id=0900956"" target=""_blank"">Westinghouse Electric Corp. (Sunnyvale Plant)</a>","<a href=""https://semspub.epa.gov/src/document/11/189641"" target=""_blank"">10/15/1984 (PDF)</a>","<a href=""https://semspub.epa.gov/src/document/11/189628"" target=""_blank"">06/10/1986 (PDF)</a>",,,,No,-13583482.565322224,4492024.962713958
"Valley Wood Preserving, Inc.",32.01,CAD063020143,901490,9,California,Turlock,Stanislaus,NPL Site,37.4727,-120.8239,06/24/1988,03/31/1989,08/21/2008,1039,,,"<a href=""https://semspub.epa.gov/src/document/09/2400226"" target=""_blank"">CAD063020143 (PDF)</a>","<a href=""https://cumulis.epa.gov/supercpad/cursites/csitinfo.cfm?id=0901490"" target=""_blank"">Valley Wood Preserving, Inc.</a>","<a href=""https://semspub.epa.gov/src/document/11/189648"" target=""_blank"">06/24/1988 (PDF)</a>","<a href=""https://semspub.epa.gov/src/document/11/189631"" target=""_blank"">03/31/1989 (PDF)</a>",,,,No,-13450055.023657406,4505201.4894976
"Koppers Co., Inc. (Oroville Plant)",33.73,CAD009112087,901135,9,California,Oroville,Butte,NPL Site,39.470831,-121.5643,09/08/1983,09/21/1984,09/04/2003,859,,,"<a href=""https://semspub.epa.gov/src/document/09/2400227"" target=""_blank"">CAD009112087 (PDF)</a>","<a href=""https://cumulis.epa.gov/supercpad/cursites/csitinfo.cfm?id=0901135"" target=""_blank"">Koppers Co., Inc. (Oroville Plant)</a>","<a href=""https://semspub.epa.gov/src/document/11/189640"" target=""_blank"">09/08/1983 (PDF)</a>","<a href=""https://semspub.epa.gov/src/document/11/189627"" target=""_blank"">09/21/1984 (PDF)</a>",,,,No,-13532475.974640746,4789340.235431448
McClellan Air Force Base (Ground Water Contamination),57.93,CA4570024337,902759,9,California,Sacramento,Sacramento,NPL Site,38.66,-121.3994,10/15/1984,07/22/1987,,0,,,"<a href=""https://semspub.epa.gov/src/document/09/2400228"" target=""_blank"">CA4570024337 (PDF)</a>","<a href=""https://cumulis.epa.gov/supercpad/cursites/csitinfo.cfm?id=0902759"" target=""_blank"">McClellan Air Force Base (Ground Water Contamination)</a>","<a href=""https://semspub.epa.gov/src/document/11/189641"" target=""_blank"">10/15/1984 (PDF)</a>","<a href=""https://semspub.epa.gov/src/document/11/189629"" target=""_blank"">07/22/1987 (PDF)</a>",,,,No,-13514119.390608935,4673085.847655734
Atlas Asbestos Mine,45.55,CAD980496863,901736,9,California,Fresno County,Fresno,NPL Site,36.321669,-120.5867,09/08/1983,09/21/1984,09/02/1999,621,,,"<a href=""https://semspub.epa.gov/src/document/09/2400229"" target=""_blank"">CAD980496863 (PDF)</a>","<a href=""https://cumulis.epa.gov/supercpad/cursites/csitinfo.cfm?id=0901736"" target=""_blank"">Atlas Asbestos Mine</a>","<a href=""https://semspub.epa.gov/src/document/11/189640"" target=""_blank"">09/08/1983 (PDF)</a>","<a href=""https://semspub.epa.gov/src/document/11/189627"" target=""_blank"">09/21/1984 (PDF)</a>",,,,No,-13423650.04044124,4344973.279673439
Coalinga Asbestos Mine,45.55,CAD980817217,902075,9,California,Coalinga,Fresno,Deleted NPL Site,36.31,-120.5283,09/08/1983,09/21/1984,03/14/1995,301,11/19/1997,04/24/1998,"<a href=""https://semspub.epa.gov/src/document/09/2400230"" target=""_blank"">CAD980817217 (PDF)</a>","<a href=""https://cumulis.epa.gov/supercpad/cursites/csitinfo.cfm?id=0902075"" target=""_blank"">Coalinga Asbestos Mine</a>","<a href=""https://semspub.epa.gov/src/document/11/189640"" target=""_blank"">09/08/1983 (PDF)</a>","<a href=""https://semspub.epa.gov/src/document/11/189627"" target=""_blank"">09/21/1984 (PDF)</a>","<a href=""http://www.gpo.gov/fdsys/pkg/FR-1997-11-19/pdf/97-30380.pdf"" target=""_blank"">11/19/1997 (PDF)</a>","<a href=""http://www.gpo.gov/fdsys/pkg/FR-1998-04-24/pdf/98-10723.pdf"" target=""_blank"">04/24/1998 (PDF)</a>",,No,-13417148.982178915,4343361.162340597
Del Norte Pesticide Storage,35.79,CAD000626176,900923,9,California,Crescent City,Del Norte,Deleted NPL Site,41.773331,-124.2317,09/08/1983,09/21/1984,06/18/1992,92,08/08/2002,09/18/2002,"<a href=""https://semspub.epa.gov/src/document/09/2400231"" target=""_blank"">CAD000626176 (PDF)</a>","<a href=""https://cumulis.epa.gov/supercpad/cursites/csitinfo.cfm?id=0900923"" target=""_blank"">Del Norte Pesticide Storage</a>","<a href=""https://semspub.epa.gov/src/document/11/189640"" target=""_blank"">09/08/1983 (PDF)</a>","<a href=""https://semspub.epa.gov/src/document/11/189627"" target=""_blank"">09/21/1984 (PDF)</a>","<a href=""http://www.gpo.gov/fdsys/pkg/FR-2002-08-08/pdf/02-20099.pdf"" target=""_blank"">08/08/2002 (PDF)</a>","<a href=""http://www.gpo.gov/fdsys/pkg/FR-2002-09-18/pdf/02-23742.pdf"" target=""_blank"">09/18/2002 (PDF)</a>",,No,-13829409.584382726,5127085.76947304
San Gabriel Valley (Area 1),42.24,CAD980677355,901951,9,California,El Monte,Los Angeles,NPL Site,34.125,-118,09/08/1983,05/08/1984,,0,,,"<a href=""https://semspub.epa.gov/src/document/09/2400232"" target=""_blank"">CAD980677355 (PDF)</a>","<a href=""https://cumulis.epa.gov/supercpad/cursites/csitinfo.cfm?id=0901951"" target=""_blank"">San Gabriel Valley (Area 1)</a>","<a href=""https://semspub.epa.gov/src/document/11/189640"" target=""_blank"">09/08/1983 (PDF)</a>","<a href=""https://semspub.epa.gov/src/document/11/189626"" target=""_blank"">05/08/1984 (PDF)</a>",,,,No,-13135699.913606282,4045598.847148915
San Gabriel Valley (Area 2),42.24,CAD980818512,902092,9,California,Baldwin Park Area,Los Angeles,NPL Site,34.073611,-117.9361,09/08/1983,05/08/1984,,0,,,"<a href=""https://semspub.epa.gov/src/document/09/2400233"" target=""_blank"">CAD980818512 (PDF)</a>","<a href=""https://cumulis.epa.gov/supercpad/cursites/csitinfo.cfm?id=0902092"" target=""_blank"">San Gabriel Valley (Area 2)</a>","<a href=""https://semspub.epa.gov/src/document/11/189640"" target=""_blank"">09/08/1983 (PDF)</a>","<a href=""https://semspub.epa.gov/src/document/11/189626"" target=""_blank"">05/08/1984 (PDF)</a>",,,,No,-13128586.598144589,4038690.4728505225
San Gabriel Valley (Area 3),28.9,CAD980818579,902093,9,California,Alhambra,Los Angeles,NPL Site,34.1,-118.125,09/08/1983,05/08/1984,,0,,,"<a href=""https://semspub.epa.gov/src/document/09/2400234"" target=""_blank"">CAD980818579 (PDF)</a>","<a href=""https://cumulis.epa.gov/supercpad/cursites/csitinfo.cfm?id=0902093"" target=""_blank"">San Gabriel Valley (Area 3)</a>","<a href=""https://semspub.epa.gov/src/document/11/189640"" target=""_blank"">09/08/1983 (PDF)</a>","<a href=""https://semspub.epa.gov/src/document/11/189626"" target=""_blank"">05/08/1984 (PDF)</a>",,,,No,-13149614.849955441,4042237.499676167
San Gabriel Valley (Area 4),28.9,CAD980817985,902091,9,California,La Puente,Los Angeles,NPL Site,34.016669,-117.9583,09/08/1983,05/08/1984,,0,,,"<a href=""https://semspub.epa.gov/src/document/09/2400235"" target=""_blank"">CAD980817985 (PDF)</a>","<a href=""https://cumulis.epa.gov/supercpad/cursites/csitinfo.cfm?id=0902091"" target=""_blank"">San Gabriel Valley (Area 4)</a>","<a href=""https://semspub.epa.gov/src/document/11/189640"" target=""_blank"">09/08/1983 (PDF)</a>","<a href=""https://semspub.epa.gov/src/document/11/189626"" target=""_blank"">05/08/1984 (PDF)</a>",,,,No,-13131057.8908402,4031040.4852439873
South Bay Asbestos Area,44.68,CAD980894885,902250,9,California,Alviso,Santa Clara,NPL Site,37.429861,-121.9811,10/15/1984,06/10/1986,09/23/1998,565,,,"<a href=""https://semspub.epa.gov/src/document/09/2400238"" target=""_blank"">CAD980894885 (PDF)</a>","<a href=""https://cumulis.epa.gov/supercpad/cursites/csitinfo.cfm?id=0902250"" target=""_blank"">South Bay Asbestos Area</a>","<a href=""https://semspub.epa.gov/src/document/11/189641"" target=""_blank"">10/15/1984 (PDF)</a>","<a href=""https://semspub.epa.gov/src/document/11/189628"" target=""_blank"">06/10/1986 (PDF)</a>",,,,No,-13578873.938403381,4499194.445843366
"Operating Industries, Inc., Landfill",57.22,CAT080012024,902673,9,California,Monterey Park,Los Angeles,NPL Site,34.033333,-118.105556,10/15/1984,06/10/1986,09/11/2012,1131,,,"<a href=""https://semspub.epa.gov/src/document/09/2400239"" target=""_blank"">CAT080012024 (PDF)</a>","<a href=""https://cumulis.epa.gov/supercpad/cursites/csitinfo.cfm?id=0902673"" target=""_blank"">Operating Industries, Inc., Landfill</a>","<a href=""https://semspub.epa.gov/src/document/11/189641"" target=""_blank"">10/15/1984 (PDF)</a>","<a href=""https://semspub.epa.gov/src/document/11/189628"" target=""_blank"">06/10/1986 (PDF)</a>",,,,No,-13147450.353776459,4033278.7122928053
San Fernando Valley (Area 1),42.24,CAD980894893,902251,9,California,Los Angeles,Los Angeles,NPL Site,34.19,-118.3514,10/15/1984,06/10/1986,,0,,,"<a href=""https://semspub.epa.gov/src/document/09/2400240"" target=""_blank"">CAD980894893 (PDF)</a>","<a href=""https://cumulis.epa.gov/supercpad/cursites/csitinfo.cfm?id=0902251"" target=""_blank"">San Fernando Valley (Area 1)</a>","<a href=""https://semspub.epa.gov/src/document/11/189641"" target=""_blank"">10/15/1984 (PDF)</a>","<a href=""https://semspub.epa.gov/src/document/11/189628"" target=""_blank"">06/10/1986 (PDF)</a>",,,,No,-13174817.582671039,4054343.0059732455
San Fernando Valley (Area 2),42.24,CAD980894901,902252,9,California,"Glendale, Los Angeles",Los Angeles,NPL Site,34.163139,-118.286,10/15/1984,06/10/1986,,0,,,"<a href=""https://semspub.epa.gov/src/document/09/2400241"" target=""_blank"">CAD980894901 (PDF)</a>","<a href=""https://cumulis.epa.gov/supercpad/cursites/csitinfo.cfm?id=0902252"" target=""_blank"">San Fernando Valley (Area 2)</a>","<a href=""https://semspub.epa.gov/src/document/11/189641"" target=""_blank"">10/15/1984 (PDF)</a>","<a href=""https://semspub.epa.gov/src/document/11/189628"" target=""_blank"">06/10/1986 (PDF)</a>",,,,No,-13167537.287973158,4050728.699869907
San Fernando Valley (Area 3),42.24,CAD980894984,902254,9,California,Glendale,Los Angeles,Deleted NPL Site,34.2276,-118.4135,10/15/1984,06/10/1986,05/20/2004,898,08/10/2004,10/12/2004,"<a href=""https://semspub.epa.gov/src/document/09/2400242"" target=""_blank"">CAD980894984 (PDF)</a>","<a href=""https://cumulis.epa.gov/supercpad/cursites/csitinfo.cfm?id=0902254"" target=""_blank"">San Fernando Valley (Area 3)</a>","<a href=""https://semspub.epa.gov/src/document/11/189641"" target=""_blank"">10/15/1984 (PDF)</a>","<a href=""https://semspub.epa.gov/src/document/11/189628"" target=""_blank"">06/10/1986 (PDF)</a>","<a href=""http://www.gpo.gov/fdsys/pkg/FR-2004-08-10/pdf/04-18141.pdf"" target=""_blank"">08/10/2004 (PDF)</a>","<a href=""http://www.gpo.gov/fdsys/pkg/FR-2004-08-10/pdf/04-18142.pdf"" target=""_blank"">10/12/2004 (PDF)</a>",,No,-13181730.5230493,4059404.241980318
San Fernando Valley (Area 4),35.57,CAD980894976,902253,9,California,Los Angeles,Los Angeles,NPL Site,34.112081,-118.2539,10/15/1984,06/10/1986,,0,,,"<a href=""https://semspub.epa.gov/src/document/09/2400243"" target=""_blank"">CAD980894976 (PDF)</a>","<a href=""https://cumulis.epa.gov/supercpad/cursites/csitinfo.cfm?id=0902253"" target=""_blank"">San Fernando Valley (Area 4)</a>","<a href=""https://semspub.epa.gov/src/document/11/189641"" target=""_blank"">10/15/1984 (PDF)</a>","<a href=""https://semspub.epa.gov/src/document/11/189628"" target=""_blank"">06/10/1986 (PDF)</a>",,,,No,-13163963.932318693,4043861.7131851274
Montrose Chemical Corp.,32.1,CAD008242711,900993,9,California,Torrance,Los Angeles,NPL Site,33.848331,-118.2983,10/15/1984,10/04/1989,,0,,,"<a href=""https://semspub.epa.gov/src/document/09/2400244"" target=""_blank"">CAD008242711 (PDF)</a>","<a href=""https://cumulis.epa.gov/supercpad/cursites/csitinfo.cfm?id=0900993"" target=""_blank"">Montrose Chemical Corp.</a>","<a href=""https://semspub.epa.gov/src/document/11/189641"" target=""_blank"">10/15/1984 (PDF)</a>","<a href=""https://semspub.epa.gov/src/document/11/189633"" target=""_blank"">10/04/1989 (PDF)</a>",,,,No,-13168906.517709913,4008454.7210171875
Sharpe Army Depot,42.24,CA8210020832,902792,9,California,Lathrop,San Joaquin,NPL Site,37.829169,-121.2672,10/15/1984,07/22/1987,06/27/2003,852,,,"<a href=""https://semspub.epa.gov/src/document/09/2400245"" target=""_blank"">CA8210020832 (PDF)</a>","<a href=""https://cumulis.epa.gov/supercpad/cursites/csitinfo.cfm?id=0902792"" target=""_blank"">Sharpe Army Depot</a>","<a href=""https://semspub.epa.gov/src/document/11/189641"" target=""_blank"">10/15/1984 (PDF)</a>","<a href=""https://semspub.epa.gov/src/document/11/189629"" target=""_blank"">07/22/1987 (PDF)</a>",,,,No,-13499402.953926066,4555321.150737858
Norton Air Force Base,39.65,CA4570024345,902760,9,California,San Bernardino,San Bernardino,NPL Site,34.098061,-117.2372,10/15/1984,07/22/1987,05/16/2006,973,,,"<a href=""https://semspub.epa.gov/src/document/09/2400246"" target=""_blank"">CA4570024345 (PDF)</a>","<a href=""https://cumulis.epa.gov/supercpad/cursites/csitinfo.cfm?id=0902760"" target=""_blank"">Norton Air Force Base</a>","<a href=""https://semspub.epa.gov/src/document/11/189641"" target=""_blank"">10/15/1984 (PDF)</a>","<a href=""https://semspub.epa.gov/src/document/11/189629"" target=""_blank"">07/22/1987 (PDF)</a>",,,,No,-13050785.406029172,4041976.8350713495
Castle Air Force Base (6 Areas),37.93,CA3570024551,902751,9,California,Merced,Merced,NPL Site,37.367361,-120.5636,10/15/1984,07/22/1987,09/21/2006,984,,,"<a href=""https://semspub.epa.gov/src/document/09/2400247"" target=""_blank"">CA3570024551 (PDF)</a>","<a href=""https://cumulis.epa.gov/supercpad/cursites/csitinfo.cfm?id=0902751"" target=""_blank"">Castle Air Force Base (6 Areas)</a>","<a href=""https://semspub.epa.gov/src/document/11/189641"" target=""_blank"">10/15/1984 (PDF)</a>","<a href=""https://semspub.epa.gov/src/document/11/189629"" target=""_blank"">07/22/1987 (PDF)</a>",,,,No,-13421078.560203917,4490436.62619671
Mather Air Force Base,28.9,CA8570024143,902793,9,California,Sacramento,Sacramento,NPL Site,38.55695,-121.2972,10/15/1984,07/22/1987,09/29/2009,1079,,,"<a href=""https://semspub.epa.gov/src/document/09/2400248"" target=""_blank"">CA8570024143 (PDF)</a>","<a href=""https://cumulis.epa.gov/supercpad/cursites/csitinfo.cfm?id=0902793"" target=""_blank"">Mather Air Force Base</a>","<a href=""https://semspub.epa.gov/src/document/11/189641"" target=""_blank"">10/15/1984 (PDF)</a>","<a href=""https://semspub.epa.gov/src/document/11/189629"" target=""_blank"">07/22/1987 (PDF)</a>",,,,No,-13502742.538649864,4658405.705176736
Lawrence Livermore Laboratory (USDOE),42.24,CA2890012584,902740,9,California,Livermore,Alameda,NPL Site,37.688061,-121.7047,10/15/1984,07/22/1987,08/10/2007,1016,,,"<a href=""https://semspub.epa.gov/src/document/09/2400249"" target=""_blank"">CA2890012584 (PDF)</a>","<a href=""https://cumulis.epa.gov/supercpad/cursites/csitinfo.cfm?id=0902740"" target=""_blank"">Lawrence Livermore Laboratory (USDOE)</a>","<a href=""https://semspub.epa.gov/src/document/11/189641"" target=""_blank"">10/15/1984 (PDF)</a>","<a href=""https://semspub.epa.gov/src/document/11/189629"" target=""_blank"">07/22/1987 (PDF)</a>",,,,No,-13548105.231148122,4535452.533386833
Firestone Tire & Rubber Co. (Salinas Plant),45.91,CAD990793887,902617,9,California,Salinas,Monterey,Deleted NPL Site,36.6249,-121.5901,10/15/1984,07/22/1987,12/24/1991,65,02/14/2005,04/21/2005,"<a href=""https://semspub.epa.gov/src/document/09/2400251"" target=""_blank"">CAD990793887 (PDF)</a>","<a href=""https://cumulis.epa.gov/supercpad/cursites/csitinfo.cfm?id=0902617"" target=""_blank"">Firestone Tire & Rubber Co. (Salinas Plant)</a>","<a href=""https://semspub.epa.gov/src/document/11/189641"" target=""_blank"">10/15/1984 (PDF)</a>","<a href=""https://semspub.epa.gov/src/document/11/189629"" target=""_blank"">07/22/1987 (PDF)</a>","<a href=""http://www.gpo.gov/fdsys/pkg/FR-2005-02-14/pdf/05-2179.pdf"" target=""_blank"">02/14/2005 (PDF)</a>","<a href=""http://www.gpo.gov/fdsys/pkg/FR-2005-04-21/pdf/05-8024.pdf"" target=""_blank"">04/21/2005 (PDF)</a>",,No,-13535348.017503213,4386950.857774232
Beckman Instruments (Porterville Plant),34.21,CAD048645444,901391,9,California,Porterville,Tulare,Deleted NPL Site,36.049,-119.0201,10/15/1984,06/10/1986,09/21/1993,205,09/14/2021,03/22/2022,"<a href=""https://semspub.epa.gov/src/document/09/2400253"" target=""_blank"">CAD048645444 (PDF)</a>","<a href=""https://cumulis.epa.gov/supercpad/cursites/csitinfo.cfm?id=0901391"" target=""_blank"">Beckman Instruments (Porterville Plant)</a>","<a href=""https://semspub.epa.gov/src/document/11/189641"" target=""_blank"">10/15/1984 (PDF)</a>","<a href=""https://semspub.epa.gov/src/document/11/189628"" target=""_blank"">06/10/1986 (PDF)</a>","<a href=""http://www.gpo.gov/fdsys/pkg/FR-2021-09-14/pdf/2021-19449.pdf"" target=""_blank"">09/14/2021 (PDF)</a>","<a href=""http://www.gpo.gov/fdsys/pkg/FR-2022-03-22/pdf/2022-05556.pdf"" target=""_blank"">03/22/2022 (PDF)</a>",,"<a href=""https://www.epa.gov/superfund/partially-deleted-national-priorities-list-npl-sites-site-name"" target=""_blank"">Yes</a>",-13249256.926164499,4307365.792831973
Louisiana-Pacific Corp.,33.73,CAD065021594,901513,9,California,Oroville,Butte,Deleted NPL Site,39.4743,-121.5703,10/15/1984,06/10/1986,10/01/1995,367,08/27/1996,11/21/1996,"<a href=""https://semspub.epa.gov/src/document/09/2400254"" target=""_blank"">CAD065021594 (PDF)</a>","<a href=""https://cumulis.epa.gov/supercpad/cursites/csitinfo.cfm?id=0901513"" target=""_blank"">Louisiana-Pacific Corp.</a>","<a href=""https://semspub.epa.gov/src/document/11/189641"" target=""_blank"">10/15/1984 (PDF)</a>","<a href=""https://semspub.epa.gov/src/document/11/189628"" target=""_blank"">06/10/1986 (PDF)</a>","<a href=""http://www.gpo.gov/fdsys/pkg/FR-1996-08-27/pdf/96-21572.pdf"" target=""_blank"">08/27/1996 (PDF)</a>","<a href=""http://www.gpo.gov/fdsys/pkg/FR-1996-11-21/pdf/96-29657.pdf"" target=""_blank"">11/21/1996 (PDF)</a>",,No,-13533143.891585506,4789840.4981265785
T.H. Agriculture & Nutrition Co.,42.24,CAD009106220,901128,9,California,Fresno,Fresno,Deleted NPL Site,36.764728,-119.660501,10/15/1984,06/10/1986,06/24/2004,901,07/11/2006,08/21/2006,"<a href=""https://semspub.epa.gov/src/document/09/2400255"" target=""_blank"">CAD009106220 (PDF)</a>","<a href=""https://cumulis.epa.gov/supercpad/cursites/csitinfo.cfm?id=0901128"" target=""_blank"">T.H. Agriculture & Nutrition Co.</a>","<a href=""https://semspub.epa.gov/src/document/11/189641"" target=""_blank"">10/15/1984 (PDF)</a>","<a href=""https://semspub.epa.gov/src/document/11/189628"" target=""_blank"">06/10/1986 (PDF)</a>","<a href=""http://www.gpo.gov/fdsys/pkg/FR-2006-07-11/pdf/E6-10856.pdf"" target=""_blank"">07/11/2006 (PDF)</a>","<a href=""http://www.gpo.gov/fdsys/pkg/FR-2006-08-21/pdf/E6-13745.pdf"" target=""_blank"">08/21/2006 (PDF)</a>",,No,-13320546.039388003,4406363.445332856
"Advanced Micro Devices, Inc.",37.93,CAD048634059,901389,9,California,Sunnyvale,Santa Clara,NPL Site,37.3825,-122.0086,10/15/1984,06/10/1986,09/17/1993,204,,,"<a href=""https://semspub.epa.gov/src/document/09/2400256"" target=""_blank"">CAD048634059 (PDF)</a>","<a href=""https://cumulis.epa.gov/supercpad/cursites/csitinfo.cfm?id=0901389"" target=""_blank"">Advanced Micro Devices, Inc.</a>","<a href=""https://semspub.epa.gov/src/document/11/189641"" target=""_blank"">10/15/1984 (PDF)</a>","<a href=""https://semspub.epa.gov/src/document/11/189628"" target=""_blank"">06/10/1986 (PDF)</a>",,,,No,-13581935.224400198,4492557.310179938
Applied Materials,31.94,CAD042728840,901344,9,California,Santa Clara,Santa Clara,NPL Site,37.3777,-121.9777,10/15/1984,07/22/1987,09/27/1993,206,,,"<a href=""https://semspub.epa.gov/src/document/09/2400257"" target=""_blank"">CAD042728840 (PDF)</a>","<a href=""https://cumulis.epa.gov/supercpad/cursites/csitinfo.cfm?id=0901344"" target=""_blank"">Applied Materials</a>","<a href=""https://semspub.epa.gov/src/document/11/189641"" target=""_blank"">10/15/1984 (PDF)</a>","<a href=""https://semspub.epa.gov/src/document/11/189629"" target=""_blank"">07/22/1987 (PDF)</a>",,,,No,-13578495.452134686,4491884.875758708
Intel Magnetics,31.94,CAD092212497,901661,9,California,Santa Clara,Santa Clara,NPL Site,37.3756,-121.9801,10/15/1984,06/10/1986,08/19/1992,110,,,"<a href=""https://semspub.epa.gov/src/document/09/2400259"" target=""_blank"">CAD092212497 (PDF)</a>","<a href=""https://cumulis.epa.gov/supercpad/cursites/csitinfo.cfm?id=0901661"" target=""_blank"">Intel Magnetics</a>","<a href=""https://semspub.epa.gov/src/document/11/189641"" target=""_blank"">10/15/1984 (PDF)</a>","<a href=""https://semspub.epa.gov/src/document/11/189628"" target=""_blank"">06/10/1986 (PDF)</a>",,,,No,-13578762.618912587,4491590.69923229
Intel Corp. (Santa Clara III),31.94,CAT000612184,902632,9,California,Santa Clara,Santa Clara,Deleted NPL Site,37.3737,-121.9717,10/15/1984,06/10/1986,08/18/1992,109,07/31/2019,09/24/2019,"<a href=""https://semspub.epa.gov/src/document/09/2400260"" target=""_blank"">CAT000612184 (PDF)</a>","<a href=""https://cumulis.epa.gov/supercpad/cursites/csitinfo.cfm?id=0902632"" target=""_blank"">Intel Corp. (Santa Clara III)</a>","<a href=""https://semspub.epa.gov/src/document/11/189641"" target=""_blank"">10/15/1984 (PDF)</a>","<a href=""https://semspub.epa.gov/src/document/11/189628"" target=""_blank"">06/10/1986 (PDF)</a>","<a href=""http://www.gpo.gov/fdsys/pkg/FR-2019-07-31/pdf/2019-16320.pdf"" target=""_blank"">07/31/2019 (PDF)</a>","<a href=""http://www.gpo.gov/fdsys/pkg/FR-2019-09-24/pdf/2019-20345.pdf"" target=""_blank"">09/24/2019 (PDF)</a>",,No,-13577827.535189927,4491324.546614864
Monolithic Memories,35.57,CAD049236201,901398,9,California,Sunnyvale,Santa Clara,NPL Site,37.3816,-121.9968,10/15/1984,07/22/1987,08/22/1994,248,,,"<a href=""https://semspub.epa.gov/src/document/09/2400261"" target=""_blank"">CAD049236201 (PDF)</a>","<a href=""https://cumulis.epa.gov/supercpad/cursites/csitinfo.cfm?id=0901398"" target=""_blank"">Monolithic Memories</a>","<a href=""https://semspub.epa.gov/src/document/11/189641"" target=""_blank"">10/15/1984 (PDF)</a>","<a href=""https://semspub.epa.gov/src/document/11/189629"" target=""_blank"">07/22/1987 (PDF)</a>",,,,No,-13580621.654408835,4492431.225447485
National Semiconductor Corp.,35.57,CAD041472986,901326,9,California,Santa Clara,Santa Clara,NPL Site,37.375281,-121.9989,10/15/1984,07/22/1987,10/16/1997,499,,,"<a href=""https://semspub.epa.gov/src/document/09/2400262"" target=""_blank"">CAD041472986 (PDF)</a>","<a href=""https://cumulis.epa.gov/supercpad/cursites/csitinfo.cfm?id=0901326"" target=""_blank"">National Semiconductor Corp.</a>","<a href=""https://semspub.epa.gov/src/document/11/189641"" target=""_blank"">10/15/1984 (PDF)</a>","<a href=""https://semspub.epa.gov/src/document/11/189629"" target=""_blank"">07/22/1987 (PDF)</a>",,,,No,-13580855.425339505,4491546.013137689
Teledyne Semiconductor,35.35,CAD009111444,901134,9,California,Mountain View,Santa Clara,NPL Site,37.4108,-122.0797,10/15/1984,07/22/1987,03/31/1992,78,,,"<a href=""https://semspub.epa.gov/src/document/09/2400266"" target=""_blank"">CAD009111444 (PDF)</a>","<a href=""https://cumulis.epa.gov/supercpad/cursites/csitinfo.cfm?id=0901134"" target=""_blank"">Teledyne Semiconductor</a>","<a href=""https://semspub.epa.gov/src/document/11/189641"" target=""_blank"">10/15/1984 (PDF)</a>","<a href=""https://semspub.epa.gov/src/document/11/189629"" target=""_blank"">07/22/1987 (PDF)</a>",,,,No,-13589850.0401956,4496522.746818179
"TRW Microwave, Inc. (Building 825)",31.94,CAD009159088,901181,9,California,Sunnyvale,Santa Clara,NPL Site,37.3846,-122.0085,06/24/1988,02/21/1990,09/17/1993,203,,,"<a href=""https://semspub.epa.gov/src/document/09/2400267"" target=""_blank"">CAD009159088 (PDF)</a>","<a href=""https://cumulis.epa.gov/supercpad/cursites/csitinfo.cfm?id=0901181"" target=""_blank"">TRW Microwave, Inc. (Building 825)</a>","<a href=""https://semspub.epa.gov/src/document/11/189648"" target=""_blank"">06/24/1988 (PDF)</a>","<a href=""https://semspub.epa.gov/src/document/11/189635"" target=""_blank"">02/21/1990 (PDF)</a>",,,,No,-13581924.092451118,4492851.513774106
Fairchild Semiconductor Corp. (Mountain View Plant),31.94,CAD095989778,901680,9,California,Mountain View,Santa Clara,NPL Site,37.4012,-122.0542,10/15/1984,02/11/1991,08/24/1999,615,,,"<a href=""https://semspub.epa.gov/src/document/09/2400269"" target=""_blank"">CAD095989778 (PDF)</a>","<a href=""https://cumulis.epa.gov/supercpad/cursites/csitinfo.cfm?id=0901680"" target=""_blank"">Fairchild Semiconductor Corp. (Mountain View Plant)</a>","<a href=""https://semspub.epa.gov/src/document/11/189641"" target=""_blank"">10/15/1984 (PDF)</a>","<a href=""https://semspub.epa.gov/src/document/11/189623"" target=""_blank"">02/11/1991 (PDF)</a>",,,,No,-13587011.393180372,4495177.413208381
Sacramento Army Depot,44.46,CA0210020780,902715,9,California,Sacramento,Sacramento,NPL Site,38.520281,-121.3958,10/15/1984,07/22/1987,08/28/2002,820,,,"<a href=""https://semspub.epa.gov/src/document/09/2400270"" target=""_blank"">CA0210020780 (PDF)</a>","<a href=""https://cumulis.epa.gov/supercpad/cursites/csitinfo.cfm?id=0902715"" target=""_blank"">Sacramento Army Depot</a>","<a href=""https://semspub.epa.gov/src/document/11/189641"" target=""_blank"">10/15/1984 (PDF)</a>","<a href=""https://semspub.epa.gov/src/document/11/189629"" target=""_blank"">07/22/1987 (PDF)</a>",,,,No,-13513718.640442079,4653187.046298075
Intel Corp. (Mountain View Plant),29.76,CAD061620217,901482,9,California,Mountain View,Santa Clara,NPL Site,37.3962,-122.0566,10/15/1984,06/10/1986,08/24/1999,616,,,"<a href=""https://semspub.epa.gov/src/document/09/2400271"" target=""_blank"">CAD061620217 (PDF)</a>","<a href=""https://cumulis.epa.gov/supercpad/cursites/csitinfo.cfm?id=0901482"" target=""_blank"">Intel Corp. (Mountain View Plant)</a>","<a href=""https://semspub.epa.gov/src/document/11/189641"" target=""_blank"">10/15/1984 (PDF)</a>","<a href=""https://semspub.epa.gov/src/document/11/189628"" target=""_blank"">06/10/1986 (PDF)</a>",,,,No,-13587278.559958275,4494476.786879472
Raytheon Corp.,29.76,CAD009205097,901202,9,California,Mountain View,Santa Clara,NPL Site,37.3975,-122.0533,10/15/1984,06/10/1986,08/24/1999,617,,,"<a href=""https://semspub.epa.gov/src/document/09/2400272"" target=""_blank"">CAD009205097 (PDF)</a>","<a href=""https://cumulis.epa.gov/supercpad/cursites/csitinfo.cfm?id=0901202"" target=""_blank"">Raytheon Corp.</a>","<a href=""https://semspub.epa.gov/src/document/11/189641"" target=""_blank"">10/15/1984 (PDF)</a>","<a href=""https://semspub.epa.gov/src/document/11/189628"" target=""_blank"">06/10/1986 (PDF)</a>",,,,No,-13586911.205638655,4494658.945228328
Moffett Naval Air Station,29.49,CA2170090078,902734,9,California,Sunnyvale,Santa Clara,NPL Site,37.411389,-122.0522,04/10/1985,07/22/1987,,0,,,"<a href=""https://semspub.epa.gov/src/document/09/2400273"" target=""_blank"">CA2170090078 (PDF)</a>","<a href=""https://cumulis.epa.gov/supercpad/cursites/csitinfo.cfm?id=0902734"" target=""_blank"">Moffett Naval Air Station</a>","<a href=""https://semspub.epa.gov/src/document/11/189642"" target=""_blank"">04/10/1985 (PDF)</a>","<a href=""https://semspub.epa.gov/src/document/11/189629"" target=""_blank"">07/22/1987 (PDF)</a>",,,,No,-13586788.754198786,4496605.294253712
"Waste Disposal, Inc.",34.6,CAD980884357,902140,9,California,Santa Fe Springs,Los Angeles,NPL Site,33.95,-118.055,06/10/1986,07/22/1987,08/12/2005,941,,,"<a href=""https://semspub.epa.gov/src/document/09/2400274"" target=""_blank"">CAD980884357 (PDF)</a>","<a href=""https://cumulis.epa.gov/supercpad/cursites/csitinfo.cfm?id=0902140"" target=""_blank"">Waste Disposal, Inc.</a>","<a href=""https://semspub.epa.gov/src/document/11/189644"" target=""_blank"">06/10/1986 (PDF)</a>","<a href=""https://semspub.epa.gov/src/document/11/189629"" target=""_blank"">07/22/1987 (PDF)</a>",,,,No,-13141822.485599913,4022090.222048386
Riverbank Army Ammunition Plant,63.94,CA7210020759,902785,9,California,Riverbank,Stanislaus,NPL Site,37.71695,-120.9181,06/24/1988,02/21/1990,09/30/1997,491,,,"<a href=""https://semspub.epa.gov/src/document/09/2400138"" target=""_blank"">CA7210020759 (PDF)</a>","<a href=""https://cumulis.epa.gov/supercpad/cursites/csitinfo.cfm?id=0902785"" target=""_blank"">Riverbank Army Ammunition Plant</a>","<a href=""https://semspub.epa.gov/src/document/11/189648"" target=""_blank"">06/24/1988 (PDF)</a>","<a href=""https://semspub.epa.gov/src/document/11/189635"" target=""_blank"">02/21/1990 (PDF)</a>",,,,No,-13460541.319690133,4539517.146492541
Southern California Edison Co. (Visalia Poleyard),48.91,CAD980816466,902061,9,California,Visalia,Tulare,Deleted NPL Site,36.333331,-119.2767,01/22/1987,03/31/1989,09/25/2001,783,07/27/2009,09/25/2009,"<a href=""https://semspub.epa.gov/src/document/09/2400139"" target=""_blank"">CAD980816466 (PDF)</a>","<a href=""https://cumulis.epa.gov/supercpad/cursites/csitinfo.cfm?id=0902061"" target=""_blank"">Southern California Edison Co. (Visalia Poleyard)</a>","<a href=""https://semspub.epa.gov/src/document/11/189645"" target=""_blank"">01/22/1987 (PDF)</a>","<a href=""https://semspub.epa.gov/src/document/11/189631"" target=""_blank"">03/31/1989 (PDF)</a>","<a href=""http://www.gpo.gov/fdsys/pkg/FR-2009-07-27/pdf/E9-17564.pdf"" target=""_blank"">07/27/2009 (PDF)</a>","<a href=""http://www.gpo.gov/fdsys/pkg/FR-2009-07-27/pdf/E9-17562.pdf"" target=""_blank"">09/25/2009 (PDF)</a>",,No,-13277821.507502055,4346584.671102156
Watkins-Johnson Co. (Stewart Division Plant),28.9,CAD980893234,902226,9,California,Scotts Valley,Santa Cruz,NPL Site,37.051111,-122.029028,01/22/1987,08/30/1990,09/22/1994,265,,,"<a href=""https://semspub.epa.gov/src/document/09/2400140"" target=""_blank"">CAD980893234 (PDF)</a>","<a href=""https://cumulis.epa.gov/supercpad/cursites/csitinfo.cfm?id=0902226"" target=""_blank"">Watkins-Johnson Co. (Stewart Division Plant)</a>","<a href=""https://semspub.epa.gov/src/document/11/189645"" target=""_blank"">01/22/1987 (PDF)</a>","<a href=""https://semspub.epa.gov/src/document/11/189637"" target=""_blank"">08/30/1990 (PDF)</a>",,,,No,-13584209.258958122,4446233.3980263285
Fresno Municipal Sanitary Landfill,35.57,CAD980636914,901854,9,California,Fresno,Fresno,NPL Site,36.704169,-119.8261,06/24/1988,10/04/1989,,0,,,"<a href=""https://semspub.epa.gov/src/document/09/2400141"" target=""_blank"">CAD980636914 (PDF)</a>","<a href=""https://cumulis.epa.gov/supercpad/cursites/csitinfo.cfm?id=0901854"" target=""_blank"">Fresno Municipal Sanitary Landfill</a>","<a href=""https://semspub.epa.gov/src/document/11/189648"" target=""_blank"">06/24/1988 (PDF)</a>","<a href=""https://semspub.epa.gov/src/document/11/189633"" target=""_blank"">10/04/1989 (PDF)</a>",,,,No,-13338980.435743878,4397951.589113439
Barstow Marine Corps Logistics Base,37.93,CA8170024261,902790,9,California,Barstow,San Bernardino,NPL Site,34.878331,-116.9389,07/14/1989,11/21/1989,,0,,,"<a href=""https://semspub.epa.gov/src/document/09/2400142"" target=""_blank"">CA8170024261 (PDF)</a>","<a href=""https://cumulis.epa.gov/supercpad/cursites/csitinfo.cfm?id=0902790"" target=""_blank"">Barstow Marine Corps Logistics Base</a>","<a href=""https://semspub.epa.gov/src/document/11/189650"" target=""_blank"">07/14/1989 (PDF)</a>","<a href=""https://semspub.epa.gov/src/document/11/189634"" target=""_blank"">11/21/1989 (PDF)</a>",,,,No,-13017578.80192554,4147359.0808988144
"Sola Optical USA, Inc.",33.39,CAD981171523,902280,9,California,Petaluma,Sonoma,Deleted NPL Site,38.2332,-122.5931,06/24/1988,02/21/1990,08/14/1992,108,07/24/2013,10/31/2013,"<a href=""https://semspub.epa.gov/src/document/09/2400143"" target=""_blank"">CAD981171523 (PDF)</a>","<a href=""https://cumulis.epa.gov/supercpad/cursites/csitinfo.cfm?id=0902280"" target=""_blank"">Sola Optical USA, Inc.</a>","<a href=""https://semspub.epa.gov/src/document/11/189648"" target=""_blank"">06/24/1988 (PDF)</a>","<a href=""https://semspub.epa.gov/src/document/11/189635"" target=""_blank"">02/21/1990 (PDF)</a>","<a href=""http://www.gpo.gov/fdsys/pkg/FR-2013-07-24/pdf/2013-17826.pdf"" target=""_blank"">07/24/2013 (PDF)</a>","<a href=""http://www.gpo.gov/fdsys/pkg/FR-2013-10-31/pdf/2013-25987.pdf"" target=""_blank"">10/31/2013 (PDF)</a>",,No,-13647001.466768866,4612421.732854906
United Heckathorn Co.,38.49,CAD981436363,902440,9,California,Richmond,Contra Costa,NPL Site,37.9226,-122.3654,10/26/1989,03/14/1990,,0,,,"<a href=""https://semspub.epa.gov/src/document/09/2400144"" target=""_blank"">CAD981436363 (PDF)</a>","<a href=""https://cumulis.epa.gov/supercpad/cursites/csitinfo.cfm?id=0902440"" target=""_blank"">United Heckathorn Co.</a>","<a href=""https://semspub.epa.gov/src/document/11/189651"" target=""_blank"">10/26/1989 (PDF)</a>","<a href=""https://semspub.epa.gov/src/document/11/189636"" target=""_blank"">03/14/1990 (PDF)</a>",,,,No,-13621654.018715238,4568497.551403052
"Brown & Bryant, Inc. (Arvin Plant)",53.36,CAD052384021,901425,9,California,Arvin,Kern,NPL Site,35.203061,-118.822,06/24/1988,10/04/1989,,0,,,"<a href=""https://semspub.epa.gov/src/document/09/2400146"" target=""_blank"">CAD052384021 (PDF)</a>","<a href=""https://cumulis.epa.gov/supercpad/cursites/csitinfo.cfm?id=0901425"" target=""_blank"">Brown & Bryant, Inc. (Arvin Plant)</a>","<a href=""https://semspub.epa.gov/src/document/11/189648"" target=""_blank"">06/24/1988 (PDF)</a>","<a href=""https://semspub.epa.gov/src/document/11/189633"" target=""_blank"">10/04/1989 (PDF)</a>",,,,No,-13227204.535038352,4191510.6775669465
Newmark Ground Water Contamination,35.57,CAD981434517,902439,9,California,San Bernardino,San Bernardino,NPL Site,34.171811,-117.3131,06/24/1988,03/31/1989,,0,,,"<a href=""https://semspub.epa.gov/src/document/09/2400147"" target=""_blank"">CAD981434517 (PDF)</a>","<a href=""https://cumulis.epa.gov/supercpad/cursites/csitinfo.cfm?id=0902439"" target=""_blank"">Newmark Ground Water Contamination</a>","<a href=""https://semspub.epa.gov/src/document/11/189648"" target=""_blank"">06/24/1988 (PDF)</a>","<a href=""https://semspub.epa.gov/src/document/11/189631"" target=""_blank"">03/31/1989 (PDF)</a>",,,,No,-13059234.555380382,4051895.4429063797
Hewlett-Packard (620-640 Page Mill Road),29.76,CAD980884209,902134,9,California,Palo Alto,Santa Clara,NPL Site,37.4214,-122.1434,06/24/1988,02/21/1990,09/16/1997,495,,,"<a href=""https://semspub.epa.gov/src/document/09/2400149"" target=""_blank"">CAD980884209 (PDF)</a>","<a href=""https://cumulis.epa.gov/supercpad/cursites/csitinfo.cfm?id=0902134"" target=""_blank"">Hewlett-Packard (620-640 Page Mill Road)</a>","<a href=""https://semspub.epa.gov/src/document/11/189648"" target=""_blank"">06/24/1988 (PDF)</a>","<a href=""https://semspub.epa.gov/src/document/11/189635"" target=""_blank"">02/21/1990 (PDF)</a>",,,,No,-13596941.09175913,4498008.419644445
Fort Ord,42.24,CA7210020676,902783,9,California,Marina,Monterey,NPL Site,36.625,-121.75,07/14/1989,02/21/1990,,0,,,"<a href=""https://semspub.epa.gov/src/document/09/2400150"" target=""_blank"">CA7210020676 (PDF)</a>","<a href=""https://cumulis.epa.gov/supercpad/cursites/csitinfo.cfm?id=0902783"" target=""_blank"">Fort Ord</a>","<a href=""https://semspub.epa.gov/src/document/11/189650"" target=""_blank"">07/14/1989 (PDF)</a>","<a href=""https://semspub.epa.gov/src/document/11/189635"" target=""_blank"">02/21/1990 (PDF)</a>",,,,"<a href=""https://www.epa.gov/superfund/partially-deleted-national-priorities-list-npl-sites-site-name"" target=""_blank"">Yes</a>",-13553148.004081057,4386964.728363408
"CTS Printex, Inc.",33.62,CAD009212838,901206,9,California,Mountain View,Santa Clara,NPL Site,37.4165,-122.0872,06/24/1988,02/21/1990,03/31/1992,79,,,"<a href=""https://semspub.epa.gov/src/document/09/2400151"" target=""_blank"">CAD009212838 (PDF)</a>","<a href=""https://cumulis.epa.gov/supercpad/cursites/csitinfo.cfm?id=0901206"" target=""_blank"">CTS Printex, Inc.</a>","<a href=""https://semspub.epa.gov/src/document/11/189648"" target=""_blank"">06/24/1988 (PDF)</a>","<a href=""https://semspub.epa.gov/src/document/11/189635"" target=""_blank"">02/21/1990 (PDF)</a>",,,,No,-13590684.936376547,4497321.620223084
Camp Pendleton Marine Corps Base,33.79,CA2170023533,902732,9,California,San Diego County,San Diego,NPL Site,33.306669,-117.3408,07/14/1989,11/21/1989,,0,,,"<a href=""https://semspub.epa.gov/src/document/09/2400153"" target=""_blank"">CA2170023533 (PDF)</a>","<a href=""https://cumulis.epa.gov/supercpad/cursites/csitinfo.cfm?id=0902732"" target=""_blank"">Camp Pendleton Marine Corps Base</a>","<a href=""https://semspub.epa.gov/src/document/11/189650"" target=""_blank"">07/14/1989 (PDF)</a>","<a href=""https://semspub.epa.gov/src/document/11/189634"" target=""_blank"">11/21/1989 (PDF)</a>",,,,No,-13062318.105275357,3936080.2466772893
Intersil Inc./Siemens Components,28.9,CAD041472341,901325,9,California,Cupertino,Santa Clara,NPL Site,37.3361,-122.0015,06/24/1988,08/30/1990,09/08/1992,114,,,"<a href=""https://semspub.epa.gov/src/document/09/2400154"" target=""_blank"">CAD041472341 (PDF)</a>","<a href=""https://cumulis.epa.gov/supercpad/cursites/csitinfo.cfm?id=0901325"" target=""_blank"">Intersil Inc./Siemens Components</a>","<a href=""https://semspub.epa.gov/src/document/11/189648"" target=""_blank"">06/24/1988 (PDF)</a>","<a href=""https://semspub.epa.gov/src/document/11/189637"" target=""_blank"">08/30/1990 (PDF)</a>",,,,No,-13581144.856015565,4486058.91233877
Sulphur Bank Mercury Mine,44.42,CAD980893275,902228,9,California,Clear Lake,Lake,NPL Site,39.00555,-122.6703,06/24/1988,08/30/1990,,0,,,"<a href=""https://semspub.epa.gov/src/document/09/2400156"" target=""_blank"">CAD980893275 (PDF)</a>","<a href=""https://cumulis.epa.gov/supercpad/cursites/csitinfo.cfm?id=0902228"" target=""_blank"">Sulphur Bank Mercury Mine</a>","<a href=""https://semspub.epa.gov/src/document/11/189648"" target=""_blank"">06/24/1988 (PDF)</a>","<a href=""https://semspub.epa.gov/src/document/11/189637"" target=""_blank"">08/30/1990 (PDF)</a>",,,,No,-13655595.331458107,4722466.593641678
March Air Force Base,31.94,CA4570024527,902761,9,California,Riverside,Riverside,NPL Site,33.906389,-117.2557,07/14/1989,11/21/1989,,0,,,"<a href=""https://semspub.epa.gov/src/document/09/2400158"" target=""_blank"">CA4570024527 (PDF)</a>","<a href=""https://cumulis.epa.gov/supercpad/cursites/csitinfo.cfm?id=0902761"" target=""_blank"">March Air Force Base</a>","<a href=""https://semspub.epa.gov/src/document/11/189650"" target=""_blank"">07/14/1989 (PDF)</a>","<a href=""https://semspub.epa.gov/src/document/11/189634"" target=""_blank"">11/21/1989 (PDF)</a>",,,,No,-13052844.816608848,4016239.271336373
"Spectra-Physics, Inc.",37.2,CAD009138488,900252,9,California,Mountain View,Santa Clara,NPL Site,37.40805,-122.0786,06/24/1988,02/11/1991,09/16/1992,120,,,"<a href=""https://semspub.epa.gov/src/document/09/2400159"" target=""_blank"">CAD009138488 (PDF)</a>","<a href=""https://cumulis.epa.gov/supercpad/cursites/csitinfo.cfm?id=0900252"" target=""_blank"">Spectra-Physics, Inc.</a>","<a href=""https://semspub.epa.gov/src/document/11/189648"" target=""_blank"">06/24/1988 (PDF)</a>","<a href=""https://semspub.epa.gov/src/document/11/189623"" target=""_blank"">02/11/1991 (PDF)</a>",,,,No,-13589727.588755727,4496137.347176864
Crazy Horse Sanitary Landfill,37.93,CAD980498455,901744,9,California,Salinas,Monterey,NPL Site,36.8026,-121.6186,06/24/1988,08/30/1990,,0,,,"<a href=""https://semspub.epa.gov/src/document/09/2400160"" target=""_blank"">CAD980498455 (PDF)</a>","<a href=""https://cumulis.epa.gov/supercpad/cursites/csitinfo.cfm?id=0901744"" target=""_blank"">Crazy Horse Sanitary Landfill</a>","<a href=""https://semspub.epa.gov/src/document/11/189648"" target=""_blank"">06/24/1988 (PDF)</a>","<a href=""https://semspub.epa.gov/src/document/11/189637"" target=""_blank"">08/30/1990 (PDF)</a>",,,,No,-13538520.62299082,4411627.3742935695
El Toro Marine Corps Air Station,37.43,CA6170023208,902770,9,California,El Toro,Orange,NPL Site,33.676669,-117.7176,06/24/1988,02/21/1990,,0,,,CA6170023208,"<a href=""https://cumulis.epa.gov/supercpad/cursites/csitinfo.cfm?id=0902770"" target=""_blank"">El Toro Marine Corps Air Station</a>","<a href=""https://semspub.epa.gov/src/document/11/189648"" target=""_blank"">06/24/1988 (PDF)</a>","<a href=""https://semspub.epa.gov/src/document/11/189635"" target=""_blank"">02/21/1990 (PDF)</a>",,,,"<a href=""https://www.epa.gov/superfund/partially-deleted-national-priorities-list-npl-sites-site-name"" target=""_blank"">Yes</a>",-13104263.289406262,3985468.761955968
George Air Force Base,33.62,CA2570024453,902737,9,California,Victorville,San Bernardino,NPL Site,34.595,-117.3833,07/14/1989,02/21/1990,,0,,,"<a href=""https://semspub.epa.gov/src/document/09/2400162"" target=""_blank"">CA2570024453 (PDF)</a>","<a href=""https://cumulis.epa.gov/supercpad/cursites/csitinfo.cfm?id=0902737"" target=""_blank"">George Air Force Base</a>","<a href=""https://semspub.epa.gov/src/document/11/189650"" target=""_blank"">07/14/1989 (PDF)</a>","<a href=""https://semspub.epa.gov/src/document/11/189635"" target=""_blank"">02/21/1990 (PDF)</a>",,,,No,-13067049.183634069,4108978.5628442233
"Advanced Micro Devices, Inc. (Building 915)",31.94,CAT080034234,902708,9,California,Sunnyvale,Santa Clara,NPL Site,37.3868,-122.0066,06/24/1988,08/30/1990,03/25/1992,74,,,"<a href=""https://semspub.epa.gov/src/document/09/2400163"" target=""_blank"">CAT080034234 (PDF)</a>","<a href=""https://cumulis.epa.gov/supercpad/cursites/csitinfo.cfm?id=0902708"" target=""_blank"">Advanced Micro Devices, Inc. (Building 915)</a>","<a href=""https://semspub.epa.gov/src/document/11/189648"" target=""_blank"">06/24/1988 (PDF)</a>","<a href=""https://semspub.epa.gov/src/document/11/189637"" target=""_blank"">08/30/1990 (PDF)</a>",,,,No,-13581712.585418612,4493159.735900994
"Synertek, Inc. (Building 1)",31.94,CAD990832735,902620,9,California,Santa Clara,Santa Clara,NPL Site,37.3773,-121.9719,06/24/1988,10/04/1989,03/25/1992,72,,,"<a href=""https://semspub.epa.gov/src/document/09/2400164"" target=""_blank"">CAD990832735 (PDF)</a>","<a href=""https://cumulis.epa.gov/supercpad/cursites/csitinfo.cfm?id=0902620"" target=""_blank"">Synertek, Inc. (Building 1)</a>","<a href=""https://semspub.epa.gov/src/document/11/189648"" target=""_blank"">06/24/1988 (PDF)</a>","<a href=""https://semspub.epa.gov/src/document/11/189633"" target=""_blank"">10/04/1989 (PDF)</a>",,,,No,-13577849.799088085,4491828.841499603
Modesto Ground Water Contamination,28.9,CAD981997752,902527,9,California,Modesto,Stanislaus,NPL Site,37.6591,-120.9964,06/24/1988,03/31/1989,,0,,,"<a href=""https://semspub.epa.gov/src/document/09/2400165"" target=""_blank"">CAD981997752 (PDF)</a>","<a href=""https://cumulis.epa.gov/supercpad/cursites/csitinfo.cfm?id=0902527"" target=""_blank"">Modesto Ground Water Contamination</a>","<a href=""https://semspub.epa.gov/src/document/11/189648"" target=""_blank"">06/24/1988 (PDF)</a>","<a href=""https://semspub.epa.gov/src/document/11/189631"" target=""_blank"">03/31/1989 (PDF)</a>",,,,No,-13469257.635819245,4531379.378949192
JASCO Chemical Corp.,35.36,CAD009103318,901126,9,California,Mountain View,Santa Clara,Deleted NPL Site,37.3988,-122.0882,06/24/1988,10/04/1989,09/20/2002,828,05/26/2020,09/30/2020,"<a href=""https://semspub.epa.gov/src/document/09/2400166"" target=""_blank"">CAD009103318 (PDF)</a>","<a href=""https://cumulis.epa.gov/supercpad/cursites/csitinfo.cfm?id=0901126"" target=""_blank"">JASCO Chemical Corp.</a>","<a href=""https://semspub.epa.gov/src/document/11/189648"" target=""_blank"">06/24/1988 (PDF)</a>","<a href=""https://semspub.epa.gov/src/document/11/189633"" target=""_blank"">10/04/1989 (PDF)</a>","<a href=""http://www.gpo.gov/fdsys/pkg/FR-2020-05-26/pdf/2020-11028.pdf"" target=""_blank"">05/26/2020 (PDF)</a>","<a href=""http://www.gpo.gov/fdsys/pkg/FR-2020-09-30/pdf/2020-20402.pdf"" target=""_blank"">09/30/2020 (PDF)</a>",,No,-13590796.255867342,4494841.106736875
Pacific Coast Pipe Lines,46.01,CAD980636781,901841,9,California,Fillmore,Ventura,NPL Site,34.404169,-118.9028,06/24/1988,10/04/1989,09/27/1996,409,,,"<a href=""https://semspub.epa.gov/src/document/09/2400167"" target=""_blank"">CAD980636781 (PDF)</a>","<a href=""https://cumulis.epa.gov/supercpad/cursites/csitinfo.cfm?id=0901841"" target=""_blank"">Pacific Coast Pipe Lines</a>","<a href=""https://semspub.epa.gov/src/document/11/189648"" target=""_blank"">06/24/1988 (PDF)</a>","<a href=""https://semspub.epa.gov/src/document/11/189633"" target=""_blank"">10/04/1989 (PDF)</a>",,,,"<a href=""https://www.epa.gov/superfund/partially-deleted-national-priorities-list-npl-sites-site-name"" target=""_blank"">Yes</a>",-13236199.14989445,4083202.0212670364
Hunters Point Naval Shipyard,48.77,CA1170090087,902722,9,California,San Francisco,San Francisco,NPL Site,37.72229,-122.36732,07/14/1989,11/21/1989,,0,,,"<a href=""https://semspub.epa.gov/src/document/09/2400168"" target=""_blank"">CA1170090087 (PDF)</a>","<a href=""https://cumulis.epa.gov/supercpad/cursites/csitinfo.cfm?id=0902722"" target=""_blank"">Hunters Point Naval Shipyard</a>","<a href=""https://semspub.epa.gov/src/document/11/189650"" target=""_blank"">07/14/1989 (PDF)</a>","<a href=""https://semspub.epa.gov/src/document/11/189634"" target=""_blank"">11/21/1989 (PDF)</a>",,,,"<a href=""https://www.epa.gov/superfund/partially-deleted-national-priorities-list-npl-sites-site-name"" target=""_blank"">Yes</a>",-13621867.752137562,4540268.645229362
Lawrence Livermore National Laboratory (Site 300) (USDOE),31.58,CA2890090002,902742,9,California,Livermore,"Alameda, San Joaquin",NPL Site,37.644306,-121.576667,07/14/1989,08/30/1990,,0,,,"<a href=""https://semspub.epa.gov/src/document/09/2400170"" target=""_blank"">CA2890090002 (PDF)</a>","<a href=""https://cumulis.epa.gov/supercpad/cursites/csitinfo.cfm?id=0902742"" target=""_blank"">Lawrence Livermore National Laboratory (Site 300) (USDOE)</a>","<a href=""https://semspub.epa.gov/src/document/11/189650"" target=""_blank"">07/14/1989 (PDF)</a>","<a href=""https://semspub.epa.gov/src/document/11/189637"" target=""_blank"">08/30/1990 (PDF)</a>",,,,No,-13533852.662783386,4529299.32338631
Tracy Defense Depot (USARMY),37.16,CA4971520834,902762,9,California,Tracy,San Joaquin,NPL Site,37.715281,-121.3911,07/14/1989,08/30/1990,09/26/2012,1138,,,"<a href=""https://semspub.epa.gov/src/document/09/2400171"" target=""_blank"">CA4971520834 (PDF)</a>","<a href=""https://cumulis.epa.gov/supercpad/cursites/csitinfo.cfm?id=0902762"" target=""_blank"">Tracy Defense Depot (USARMY)</a>","<a href=""https://semspub.epa.gov/src/document/11/189650"" target=""_blank"">07/14/1989 (PDF)</a>","<a href=""https://semspub.epa.gov/src/document/11/189637"" target=""_blank"">08/30/1990 (PDF)</a>",,,,No,-13513195.43883535,4539282.279065407
Travis Air Force Base,29.49,CA5570024575,902767,9,California,Solano County,Solano,NPL Site,38.26445,-121.9332,07/14/1989,11/21/1989,,0,,,"<a href=""https://semspub.epa.gov/src/document/09/2400172"" target=""_blank"">CA5570024575 (PDF)</a>","<a href=""https://cumulis.epa.gov/supercpad/cursites/csitinfo.cfm?id=0902767"" target=""_blank"">Travis Air Force Base</a>","<a href=""https://semspub.epa.gov/src/document/11/189650"" target=""_blank"">07/14/1989 (PDF)</a>","<a href=""https://semspub.epa.gov/src/document/11/189634"" target=""_blank"">11/21/1989 (PDF)</a>",,,,No,-13573541.734794386,4616851.381329924
Edwards Air Force Base,33.62,CA1570024504,902725,9,California,Kern County,"Kern, Los Angeles, San Bernardino",NPL Site,34.949439,-117.8857,07/14/1989,08/30/1990,,0,,,"<a href=""https://semspub.epa.gov/src/document/09/2400173"" target=""_blank"">CA1570024504 (PDF)</a>","<a href=""https://cumulis.epa.gov/supercpad/cursites/csitinfo.cfm?id=0902725"" target=""_blank"">Edwards Air Force Base</a>","<a href=""https://semspub.epa.gov/src/document/11/189650"" target=""_blank"">07/14/1989 (PDF)</a>","<a href=""https://semspub.epa.gov/src/document/11/189637"" target=""_blank"">08/30/1990 (PDF)</a>",,,,No,-13122976.095808608,4157012.227175328
Western Pacific Railroad Co.,39.79,CAD980894679,902249,9,California,Oroville,Butte,Deleted NPL Site,39.483061,-121.5525,10/26/1989,08/30/1990,03/31/1999,601,07/18/2001,08/29/2001,"<a href=""https://semspub.epa.gov/src/document/09/2400174"" target=""_blank"">CAD980894679 (PDF)</a>","<a href=""https://cumulis.epa.gov/supercpad/cursites/csitinfo.cfm?id=0902249"" target=""_blank"">Western Pacific Railroad Co.</a>","<a href=""https://semspub.epa.gov/src/document/11/189651"" target=""_blank"">10/26/1989 (PDF)</a>","<a href=""https://semspub.epa.gov/src/document/11/189637"" target=""_blank"">08/30/1990 (PDF)</a>","<a href=""http://www.gpo.gov/fdsys/pkg/FR-2001-07-18/pdf/01-17832.pdf"" target=""_blank"">07/18/2001 (PDF)</a>","<a href=""http://www.gpo.gov/fdsys/pkg/FR-2001-08-29/pdf/01-21702.pdf"" target=""_blank"">08/29/2001 (PDF)</a>",,No,-13531162.404649386,4791104.0284688
Industrial Waste Processing,51.13,CAD980736284,902025,9,California,Fresno,Fresno,NPL Site,36.8425,-119.8094,10/26/1989,08/30/1990,09/28/1999,659,,,"<a href=""https://semspub.epa.gov/src/document/09/2400176"" target=""_blank"">CAD980736284 (PDF)</a>","<a href=""https://cumulis.epa.gov/supercpad/cursites/csitinfo.cfm?id=0902025"" target=""_blank"">Industrial Waste Processing</a>","<a href=""https://semspub.epa.gov/src/document/11/189651"" target=""_blank"">10/26/1989 (PDF)</a>","<a href=""https://semspub.epa.gov/src/document/11/189637"" target=""_blank"">08/30/1990 (PDF)</a>",,,,No,-13337121.40024763,4417175.997108591
Stoker Company,70.94,CAD066635442,903424,9,California,Imperial,Imperial,Proposed NPL Site,32.910278,-115.544444,07/29/1991,,,0,,,"<a href=""https://semspub.epa.gov/src/document/09/2400177"" target=""_blank"">CAD066635442 (PDF)</a>","<a href=""https://cumulis.epa.gov/supercpad/cursites/csitinfo.cfm?id=0903424"" target=""_blank"">Stoker Company</a>","<a href=""https://semspub.epa.gov/src/document/11/189652"" target=""_blank"">07/29/1991 (PDF)</a>",,,,,No,-12862348.670071913,3883400.9149615085
Ralph Gray Trucking Co.,35.04,CAD981995947,902521,9,California,Westminster,Orange,Deleted NPL Site,33.75,-118,07/29/1991,10/14/1992,08/31/2000,700,07/30/2004,09/28/2004,"<a href=""https://semspub.epa.gov/src/document/09/2400178"" target=""_blank"">CAD981995947 (PDF)</a>","<a href=""https://cumulis.epa.gov/supercpad/cursites/csitinfo.cfm?id=0902521"" target=""_blank"">Ralph Gray Trucking Co.</a>","<a href=""https://semspub.epa.gov/src/document/11/189652"" target=""_blank"">07/29/1991 (PDF)</a>","<a href=""https://semspub.epa.gov/src/document/11/189625"" target=""_blank"">10/14/1992 (PDF)</a>","<a href=""http://www.gpo.gov/fdsys/pkg/FR-2004-07-30/pdf/04-17298.pdf"" target=""_blank"">07/30/2004 (PDF)</a>","<a href=""http://www.gpo.gov/fdsys/pkg/FR-2004-07-30/pdf/04-17299.pdf"" target=""_blank"">09/28/2004 (PDF)</a>",,No,-13135699.913606282,3995282.3296242384
McCormick & Baxter Creosoting Co.,74.86,CAD009106527,901129,9,California,Stockton,San Joaquin,NPL Site,37.947851,-121.306635,02/07/1992,10/14/1992,,0,,,"<a href=""https://semspub.epa.gov/src/document/09/2400180"" target=""_blank"">CAD009106527 (PDF)</a>","<a href=""https://cumulis.epa.gov/supercpad/cursites/csitinfo.cfm?id=0901129"" target=""_blank"">McCormick & Baxter Creosoting Co.</a>","<a href=""https://semspub.epa.gov/src/document/11/189653"" target=""_blank"">02/07/1992 (PDF)</a>","<a href=""https://semspub.epa.gov/src/document/11/189625"" target=""_blank"">10/14/1992 (PDF)</a>",,,,No,-13503792.838045498,4572061.525229635
Jet Propulsion Laboratory (NASA),50,CA9800013030,903438,9,California,Pasadena,Los Angeles,NPL Site,34.201185,-118.167434,02/07/1992,10/14/1992,09/14/2020,1218,,,"<a href=""https://semspub.epa.gov/src/document/09/2400183"" target=""_blank"">CA9800013030 (PDF)</a>","<a href=""https://cumulis.epa.gov/supercpad/cursites/csitinfo.cfm?id=0903438"" target=""_blank"">Jet Propulsion Laboratory (NASA)</a>","<a href=""https://semspub.epa.gov/src/document/11/189653"" target=""_blank"">02/07/1992 (PDF)</a>","<a href=""https://semspub.epa.gov/src/document/11/189625"" target=""_blank"">10/14/1992 (PDF)</a>",,,,No,-13154338.581227763,4055848.353168923
Concord Naval Weapons Station,50,CA7170024528,902778,9,California,Concord,Contra Costa,NPL Site,38.049444,-122,02/07/1992,12/16/1994,,0,,,"<a href=""https://semspub.epa.gov/src/document/09/2400184"" target=""_blank"">CA7170024528 (PDF)</a>","<a href=""https://cumulis.epa.gov/supercpad/cursites/csitinfo.cfm?id=0902778"" target=""_blank"">Concord Naval Weapons Station</a>","<a href=""https://semspub.epa.gov/src/document/11/189653"" target=""_blank"">02/07/1992 (PDF)</a>","<a href=""https://semspub.epa.gov/src/document/11/189639"" target=""_blank"">12/16/1994 (PDF)</a>",,,,No,-13580977.876779376,4586412.94835383
Laboratory for Energy-Related Health Research/Old Campus Landfill (USDOE),50,CA2890190000,904786,9,California,Davis,Solano,NPL Site,38.51875,-121.75125,01/18/1994,05/31/1994,,0,,,"<a href=""https://semspub.epa.gov/src/document/09/2400186"" target=""_blank"">CA2890190000 (PDF)</a>","<a href=""https://cumulis.epa.gov/supercpad/cursites/csitinfo.cfm?id=0904786"" target=""_blank"">Laboratory for Energy-Related Health Research/Old Campus Landfill (USDOE)</a>","<a href=""https://semspub.epa.gov/src/document/11/189657"" target=""_blank"">01/18/1994 (PDF)</a>","<a href=""https://semspub.epa.gov/src/document/11/189638"" target=""_blank"">05/31/1994 (PDF)</a>",,,,No,-13553287.153444547,4652969.215271763
Frontier Fertilizer,35.04,CAD071530380,901554,9,California,Davis,Yolo,NPL Site,38.553055,-121.673333,01/18/1994,05/31/1994,07/31/2018,1201,,,"<a href=""https://semspub.epa.gov/src/document/09/2400187"" target=""_blank"">CAD071530380 (PDF)</a>","<a href=""https://cumulis.epa.gov/supercpad/cursites/csitinfo.cfm?id=0901554"" target=""_blank"">Frontier Fertilizer</a>","<a href=""https://semspub.epa.gov/src/document/11/189657"" target=""_blank"">01/18/1994 (PDF)</a>","<a href=""https://semspub.epa.gov/src/document/11/189638"" target=""_blank"">05/31/1994 (PDF)</a>",,,,No,-13544613.47268041,4657851.250237497
Pemaco Maywood,45.23,CAD980737092,904950,9,California,Maywood,Los Angeles,NPL Site,33.985417,-118.17125,07/28/1998,01/19/1999,09/25/2007,1023,,,"<a href=""https://semspub.epa.gov/src/document/09/2400189"" target=""_blank"">CAD980737092 (PDF)</a>","<a href=""https://cumulis.epa.gov/supercpad/cursites/csitinfo.cfm?id=0904950"" target=""_blank"">Pemaco Maywood</a>","<a href=""http://www.gpo.gov/fdsys/pkg/FR-1998-07-28/pdf/98-20155.pdf"" target=""_blank"">07/28/1998 (PDF)</a>","<a href=""http://www.gpo.gov/fdsys/pkg/FR-1999-01-19/pdf/99-1020.pdf"" target=""_blank"">01/19/1999 (PDF)</a>",,,,No,-13154763.37640463,4026844.0535723004
Lava Cap Mine,33.66,CAD983618893,904343,9,California,Nevada City,Nevada,NPL Site,39.228056,-120.969861,09/29/1998,01/19/1999,,0,,,"<a href=""https://semspub.epa.gov/src/document/09/2400190"" target=""_blank"">CAD983618893 (PDF)</a>","<a href=""https://cumulis.epa.gov/supercpad/cursites/csitinfo.cfm?id=0904343"" target=""_blank"">Lava Cap Mine</a>","<a href=""http://www.gpo.gov/fdsys/pkg/FR-1998-09-29/pdf/98-25890.pdf"" target=""_blank"">09/29/1998 (PDF)</a>","<a href=""http://www.gpo.gov/fdsys/pkg/FR-1999-01-19/pdf/99-1020.pdf"" target=""_blank"">01/19/1999 (PDF)</a>",,,,No,-13466303.327853082,4754391.48412925
Omega Chemical Corporation,30.94,CAD042245001,903349,9,California,Whittier,Los Angeles,NPL Site,33.969722,-118.042222,09/29/1998,01/19/1999,,0,,,"<a href=""https://semspub.epa.gov/src/document/09/2400191"" target=""_blank"">CAD042245001 (PDF)</a>","<a href=""https://cumulis.epa.gov/supercpad/cursites/csitinfo.cfm?id=0903349"" target=""_blank"">Omega Chemical Corporation</a>","<a href=""http://www.gpo.gov/fdsys/pkg/FR-1998-09-29/pdf/98-25890.pdf"" target=""_blank"">09/29/1998 (PDF)</a>","<a href=""http://www.gpo.gov/fdsys/pkg/FR-1999-01-19/pdf/99-1020.pdf"" target=""_blank"">01/19/1999 (PDF)</a>",,,,No,-13140400.045146555,4024737.154710607
Alameda Naval Air Station,50,CA2170023236,902731,9,California,Alameda,Alameda,NPL Site,37.788889,-122.33,05/10/1999,07/22/1999,,0,,,"<a href=""https://semspub.epa.gov/src/document/09/2400192"" target=""_blank"">CA2170023236 (PDF)</a>","<a href=""https://cumulis.epa.gov/supercpad/cursites/csitinfo.cfm?id=0902731"" target=""_blank"">Alameda Naval Air Station</a>","<a href=""http://www.gpo.gov/fdsys/pkg/FR-1999-05-10/pdf/99-11706.pdf"" target=""_blank"">05/10/1999 (PDF)</a>","<a href=""http://www.gpo.gov/fdsys/pkg/FR-1999-07-22/pdf/99-18602.pdf"" target=""_blank"">07/22/1999 (PDF)</a>",,,,No,-13617713.308741156,4549645.685233713
Leviathan Mine,50,CAD980673685,901943,9,California,Markleeville,Alpine,NPL Site,38.703889,-119.656111,10/22/1999,05/11/2000,,0,,,"<a href=""https://semspub.epa.gov/src/document/09/2400193"" target=""_blank"">CAD980673685 (PDF)</a>","<a href=""https://cumulis.epa.gov/supercpad/cursites/csitinfo.cfm?id=0901943"" target=""_blank"">Leviathan Mine</a>","<a href=""http://www.gpo.gov/fdsys/pkg/FR-1999-10-22/pdf/99-27538.pdf"" target=""_blank"">10/22/1999 (PDF)</a>","<a href=""http://www.gpo.gov/fdsys/pkg/FR-2000-05-11/pdf/00-11562.pdf"" target=""_blank"">05/11/2000 (PDF)</a>",,,,No,-13320057.34682342,4679344.533174567
Alark Hard Chrome,50.5,CAD098229214,901694,9,California,Riverside,Riverside,NPL Site,33.991886,-117.367186,07/27/2000,12/01/2000,,0,,,"<a href=""https://semspub.epa.gov/src/document/09/2400194"" target=""_blank"">CAD098229214 (PDF)</a>","<a href=""https://cumulis.epa.gov/supercpad/cursites/csitinfo.cfm?id=0901694"" target=""_blank"">Alark Hard Chrome</a>","<a href=""http://www.gpo.gov/fdsys/pkg/FR-2000-07-27/pdf/00-18903.pdf"" target=""_blank"">07/27/2000 (PDF)</a>","<a href=""http://www.gpo.gov/fdsys/pkg/FR-2000-12-01/pdf/00-30630.pdf"" target=""_blank"">12/01/2000 (PDF)</a>",,,,No,-13065255.381359426,4027712.5662059663
Del Amo,47.12,CAD029544731,901293,9,California,Los Angeles,Los Angeles,NPL Site,33.846639,-118.289472,12/01/2000,09/05/2002,,0,,,"<a href=""https://semspub.epa.gov/src/document/09/2400195"" target=""_blank"">CAD029544731 (PDF)</a>","<a href=""https://cumulis.epa.gov/supercpad/cursites/csitinfo.cfm?id=0901293"" target=""_blank"">Del Amo</a>","<a href=""http://www.gpo.gov/fdsys/pkg/FR-2000-12-01/pdf/00-30631.pdf"" target=""_blank"">12/01/2000 (PDF)</a>","<a href=""http://www.gpo.gov/fdsys/pkg/FR-2002-09-05/pdf/02-22538.pdf"" target=""_blank"">09/05/2002 (PDF)</a>",,,,No,-13167923.78924519,4008227.9331425675
Cooper Drum Company,50,CAD055753370,903253,9,California,South Gate,Los Angeles,NPL Site,33.946972,-118.179694,01/11/2001,06/14/2001,,0,,,"<a href=""https://semspub.epa.gov/src/document/09/2400196"" target=""_blank"">CAD055753370 (PDF)</a>","<a href=""https://cumulis.epa.gov/supercpad/cursites/csitinfo.cfm?id=0903253"" target=""_blank"">Cooper Drum Company</a>","<a href=""http://www.gpo.gov/fdsys/pkg/FR-2001-01-11/pdf/01-563.pdf"" target=""_blank"">01/11/2001 (PDF)</a>","<a href=""http://www.gpo.gov/fdsys/pkg/FR-2001-06-14/pdf/01-14616.pdf"" target=""_blank"">06/14/2001 (PDF)</a>",,,,No,-13155703.358184887,4021683.8818868874
Casmalia Resources,30,CAD020748125,901257,9,California,Casmalia,Santa Barbara,NPL Site,34.863125,-120.544303,06/14/2001,09/13/2001,,0,,,"<a href=""https://semspub.epa.gov/src/document/09/2400197"" target=""_blank"">CAD020748125 (PDF)</a>","<a href=""https://cumulis.epa.gov/supercpad/cursites/csitinfo.cfm?id=0901257"" target=""_blank"">Casmalia Resources</a>","<a href=""http://www.gpo.gov/fdsys/pkg/FR-2001-06-14/pdf/01-14617.pdf"" target=""_blank"">06/14/2001 (PDF)</a>","<a href=""http://www.gpo.gov/fdsys/pkg/FR-2001-09-13/pdf/01-22741.pdf"" target=""_blank"">09/13/2001 (PDF)</a>",,,,No,-13418930.427990079,4145295.9004330225
AMCO Chemical,50,CA0001576081,905334,9,California,Oakland,Alameda,NPL Site,37.8025,-122.29375,04/30/2003,09/29/2003,,0,,,"<a href=""https://semspub.epa.gov/src/document/09/2400198"" target=""_blank"">CA0001576081 (PDF)</a>","<a href=""https://cumulis.epa.gov/supercpad/cursites/csitinfo.cfm?id=0905334"" target=""_blank"">AMCO Chemical</a>","<a href=""http://www.gpo.gov/fdsys/pkg/FR-2003-04-30/pdf/03-10649.pdf"" target=""_blank"">04/30/2003 (PDF)</a>","<a href=""http://www.gpo.gov/fdsys/pkg/FR-2003-09-29/pdf/03-24406.pdf"" target=""_blank"">09/29/2003 (PDF)</a>",,,,No,-13613677.977199899,4551563.13341247
Fairchild Semiconductor Corp. (South San Jose Plant),44.46,CAD097012298,901685,9,California,South San Jose,Santa Clara,NPL Site,37.2326,-121.7748,06/24/1988,10/04/1989,03/25/1992,73,,,"<a href=""https://semspub.epa.gov/src/document/09/2400201"" target=""_blank"">CAD097012298 (PDF)</a>","<a href=""https://cumulis.epa.gov/supercpad/cursites/csitinfo.cfm?id=0901685"" target=""_blank"">Fairchild Semiconductor Corp. (South San Jose Plant)</a>","<a href=""https://semspub.epa.gov/src/document/11/189648"" target=""_blank"">06/24/1988 (PDF)</a>","<a href=""https://semspub.epa.gov/src/document/11/189633"" target=""_blank"">10/04/1989 (PDF)</a>",,,,No,-13555908.72745273,4471578.009483907
Lorentz Barrel & Drum Co.,33.94,CAD029295706,901287,9,California,San Jose,Santa Clara,NPL Site,37.318611,-121.8644,06/24/1988,10/04/1989,09/29/1998,579,,,"<a href=""https://semspub.epa.gov/src/document/09/2400202"" target=""_blank"">CAD029295706 (PDF)</a>","<a href=""https://cumulis.epa.gov/supercpad/cursites/csitinfo.cfm?id=0901287"" target=""_blank"">Lorentz Barrel & Drum Co.</a>","<a href=""https://semspub.epa.gov/src/document/11/189648"" target=""_blank"">06/24/1988 (PDF)</a>","<a href=""https://semspub.epa.gov/src/document/11/189633"" target=""_blank"">10/04/1989 (PDF)</a>",,,,No,-13565882.953827808,4483610.590400942
J.H. Baxter & Co.,34.78,CAD000625731,900917,9,California,Weed,Siskiyou,NPL Site,41.4364,-122.3707,06/24/1988,10/04/1989,09/14/2001,780,,,"<a href=""https://semspub.epa.gov/src/document/09/2400203"" target=""_blank"">CAD000625731 (PDF)</a>","<a href=""https://cumulis.epa.gov/supercpad/cursites/csitinfo.cfm?id=0900917"" target=""_blank"">J.H. Baxter & Co.</a>","<a href=""https://semspub.epa.gov/src/document/11/189648"" target=""_blank"">06/24/1988 (PDF)</a>","<a href=""https://semspub.epa.gov/src/document/11/189633"" target=""_blank"">10/04/1989 (PDF)</a>",,,,No,-13622244.012016442,5076925.231106494
Klau/Buena Vista Mine,50,CA1141190578,903986,9,California,Paso Robles,San Luis Obispo,NPL Site,35.6259,-120.8967,09/23/2004,04/19/2006,,0,,,"<a href=""https://semspub.epa.gov/src/document/09/2400018"" target=""_blank"">CA1141190578 (PDF)</a>","<a href=""https://cumulis.epa.gov/supercpad/cursites/csitinfo.cfm?id=0903986"" target=""_blank"">Klau/Buena Vista Mine</a>","<a href=""http://www.gpo.gov/fdsys/pkg/FR-2004-09-23/pdf/04-21387.pdf"" target=""_blank"">09/23/2004 (PDF)</a>","<a href=""http://www.gpo.gov/fdsys/pkg/FR-2006-04-19/pdf/06-3666.pdf"" target=""_blank"">04/19/2006 (PDF)</a>",,,,No,-13458159.082587156,4249267.135476625
Halaco Engineering Company,58.31,CAD009688052,901242,9,California,Oxnard,Ventura,NPL Site,34.138889,-119.181944,03/07/2007,09/19/2007,,0,,,"<a href=""https://semspub.epa.gov/src/document/09/2400019"" target=""_blank"">CAD009688052 (PDF)</a>","<a href=""https://cumulis.epa.gov/supercpad/cursites/csitinfo.cfm?id=0901242"" target=""_blank"">Halaco Engineering Company</a>","<a href=""http://www.gpo.gov/fdsys/pkg/FR-2007-03-07/pdf/E7-3903.pdf"" target=""_blank"">03/07/2007 (PDF)</a>","<a href=""http://www.gpo.gov/fdsys/pkg/FR-2007-09-19/pdf/E7-18155.pdf"" target=""_blank"">09/19/2007 (PDF)</a>",,,,No,-13267273.317832446,4047466.706820745
"Rockets, Fireworks, and Flares (RFF)",50,CAN000905945,905945,9,California,Rialto,San Bernardino,NPL Site,34.153683,-117.416567,09/03/2008,09/23/2009,,0,,,"<a href=""https://semspub.epa.gov/src/document/09/2400021"" target=""_blank"">CAN000905945 (PDF)</a>","<a href=""https://cumulis.epa.gov/supercpad/cursites/csitinfo.cfm?id=0905945"" target=""_blank"">Rockets, Fireworks, and Flares (RFF)</a>","<a href=""http://www.gpo.gov/fdsys/pkg/FR-2008-09-03/pdf/E8-20389.pdf"" target=""_blank"">09/03/2008 (PDF)</a>","<a href=""http://www.gpo.gov/fdsys/pkg/FR-2009-09-23/pdf/E9-22934.pdf"" target=""_blank"">09/23/2009 (PDF)</a>",,,,No,-13070752.44913429,4049456.6129536056
New Idria Mercury Mine,31.66,CA0001900463,905346,9,California,Idria,San Benito,NPL Site,36.418392,-120.672511,03/10/2011,09/16/2011,,0,,,"<a href=""https://semspub.epa.gov/src/document/09/2400022"" target=""_blank"">CA0001900463 (PDF)</a>","<a href=""https://cumulis.epa.gov/supercpad/cursites/csitinfo.cfm?id=0905346"" target=""_blank"">New Idria Mercury Mine</a>","<a href=""http://www.gpo.gov/fdsys/pkg/FR-2011-03-10/pdf/2011-5340.pdf"" target=""_blank"">03/10/2011 (PDF)</a>","<a href=""http://www.gpo.gov/fdsys/pkg/FR-2011-09-16/pdf/2011-23652.pdf"" target=""_blank"">09/16/2011 (PDF)</a>",,,,No,-13433202.477265704,4358345.240866094
Blue Ledge Mine,50.28,CAN000906063,906063,9,California,Rogue River - Siskiyou National Forest,Siskiyou,NPL Site,41.959961,-123.107442,03/10/2011,09/16/2011,,0,,,"<a href=""https://semspub.epa.gov/src/document/09/2400023"" target=""_blank"">CAN000906063 (PDF)</a>","<a href=""https://cumulis.epa.gov/supercpad/cursites/csitinfo.cfm?id=0906063"" target=""_blank"">Blue Ledge Mine</a>","<a href=""http://www.gpo.gov/fdsys/pkg/FR-2011-03-10/pdf/2011-5340.pdf"" target=""_blank"">03/10/2011 (PDF)</a>","<a href=""http://www.gpo.gov/fdsys/pkg/FR-2011-09-16/pdf/2011-23652.pdf"" target=""_blank"">09/16/2011 (PDF)</a>",,,,No,-13704257.756302461,5154983.681650369
Jervis B. Webb Co.,45.76,CAD008339467,904837,9,California,South Gate,Los Angeles,NPL Site,33.950325,-118.178017,09/16/2011,05/10/2012,,0,,,"<a href=""https://semspub.epa.gov/src/document/09/2400024"" target=""_blank"">CAD008339467 (PDF)</a>","<a href=""https://cumulis.epa.gov/supercpad/cursites/csitinfo.cfm?id=0904837"" target=""_blank"">Jervis B. Webb Co.</a>","<a href=""http://www.gpo.gov/fdsys/pkg/FR-2011-09-16/pdf/2011-23651.pdf"" target=""_blank"">09/16/2011 (PDF)</a>","<a href=""http://www.gpo.gov/fdsys/pkg/FR-2012-05-10/pdf/2012-11289.pdf"" target=""_blank"">05/10/2012 (PDF)</a>",,,,No,-13155516.675398827,4022133.836035807
Southern Avenue Industrial Area,50,CAN000905902,905902,9,California,South Gate,Los Angeles,NPL Site,33.946178,-118.176922,09/16/2011,05/10/2012,,0,,,"<a href=""https://semspub.epa.gov/src/document/09/2400025"" target=""_blank"">CAN000905902 (PDF)</a>","<a href=""https://cumulis.epa.gov/supercpad/cursites/csitinfo.cfm?id=0905902"" target=""_blank"">Southern Avenue Industrial Area</a>","<a href=""http://www.gpo.gov/fdsys/pkg/FR-2011-09-16/pdf/2011-23651.pdf"" target=""_blank"">09/16/2011 (PDF)</a>","<a href=""http://www.gpo.gov/fdsys/pkg/FR-2012-05-10/pdf/2012-11289.pdf"" target=""_blank"">05/10/2012 (PDF)</a>",,,,No,-13155394.780556409,4021577.334051925
Argonaut Mine,58.31,CAD983650011,904596,9,California,Jackson,Amador,NPL Site,38.353333,-120.78575,04/07/2016,09/09/2016,,0,,,"<a href=""https://semspub.epa.gov/src/document/09/2400299"" target=""_blank"">CAD983650011 (PDF)</a>","<a href=""https://cumulis.epa.gov/supercpad/cursites/csitinfo.cfm?id=0904596"" target=""_blank"">Argonaut Mine</a>","<a href=""http://www.gpo.gov/fdsys/pkg/FR-2016-04-07/pdf/2016-07671.pdf"" target=""_blank"">04/07/2016 (PDF)</a>","<a href=""http://www.gpo.gov/fdsys/pkg/FR-2016-09-09/pdf/2016-21615.pdf"" target=""_blank"">09/09/2016 (PDF)</a>",,,,No,-13445808.185083644,4629460.865782089
Orange County North Basin,50,CAN000900251,900251,9,California,Orange County,Orange,NPL Site,33.854828,-117.930589,01/18/2018,09/03/2020,,0,,,"<a href=""https://semspub.epa.gov/src/document/11/400025"" target=""_blank"">CAN000900251 (PDF)</a>","<a href=""https://cumulis.epa.gov/supercpad/cursites/csitinfo.cfm?id=0900251"" target=""_blank"">Orange County North Basin</a>","<a href=""http://www.gpo.gov/fdsys/pkg/FR-2018-01-18/pdf/2018-00623.pdf"" target=""_blank"">01/18/2018 (PDF)</a>","<a href=""http://www.gpo.gov/fdsys/pkg/FR-2020-09-03/pdf/2020-19172.pdf"" target=""_blank"">09/03/2020 (PDF)</a>",,,,No,-13127973.11643083,4009325.59066599
Copper Bluff Mine,50,CAD980638225,901923,9,California,Hoopa,Humboldt,NPL Site,41.109972,-123.686,09/13/2018,05/15/2019,,0,,,"<a href=""https://semspub.epa.gov/src/document/11/199413"" target=""_blank"">CAD980638225 (PDF)</a>","<a href=""https://cumulis.epa.gov/supercpad/cursites/csitinfo.cfm?id=0901923"" target=""_blank"">Copper Bluff Mine</a>","<a href=""http://www.gpo.gov/fdsys/pkg/FR-2018-09-13/pdf/2018-19876.pdf"" target=""_blank"">09/13/2018 (PDF)</a>","<a href=""http://www.gpo.gov/fdsys/pkg/FR-2019-05-15/pdf/2019-09924.pdf"" target=""_blank"">05/15/2019 (PDF)</a>",,,,No,-13768662.538256835,5028576.06591945
Afterthought Mine,50,CAN000908808,908808,9,California,Bella Vista,Shasta,Proposed NPL Site,40.734547,-122.072396,03/07/2024,,,0,,,"<a href=""https://semspub.epa.gov/src/document/11/404427"" target=""_blank"">CAN000908808 (PDF)</a>","<a href=""https://cumulis.epa.gov/supercpad/cursites/csitinfo.cfm?id=0908808"" target=""_blank"">Afterthought Mine</a>","<a href=""http://www.gpo.gov/fdsys/pkg/FR-2024-03-07/pdf/2024-04778.pdf"" target=""_blank"">03/07/2024 (PDF)</a>",,,,,No,-13589036.962634845,4973265.902039773
